Workbook

Sheet Registro aiuti
A1: Registro degli aiuti di Stato e delle agevolazioni ricevute (aggiornato al 30/09/2026). Il de minimis è soggetto al massimale di 300.000 EUR su tre esercizi.
A3: Ente concedente | B3: Misura | C3: Base normativa | D3: Data concessione | E3: Data incasso/fruizione | F3: Importo (EUR) | G3: Regime | H3: Codice COR (prova) | I3: Impresa unica | J3: Spese agevolate | K3: Note
A4: Camera di Commercio di Torino | B4: Voucher digitalizzazione PMI | C4: Reg. UE 2023/2831 | D4: 45394 | E4: 45565 | F4: 10000 | G4: de minimis | H4: COR-0000001 | I4: Meridiana Digital Solutions S.r.l. | J4: Consulenza e licenze 2024 | K4: Rendicontazione chiusa il 18/09/2024
A5: Regione Piemonte | B5: Contributo partecipazione fiere | C5: Reg. UE 2023/2831 | D5: 45933 | E5: 46006 | F5: 6500 | G5: de minimis | H5: COR-0000002 | I5: Meridiana Digital Solutions S.r.l. | J5: Fiera di settore a Milano, 2025 | K5: Rendicontazione chiusa il 28/11/2025
A6: Agenzia delle Entrate | B6: Credito d'imposta ricerca e sviluppo 2022 | C6: Art. 1 c. 198 L. 160/2019 | D6: 45107 | E6: 45124 | F6: 6000 | G6: credito d'imposta (esenzione) | H6: - | I6: Meridiana Digital Solutions S.r.l. | J6: Spese di ricerca e sviluppo 2022 | K6: Compensazione in F24 codice 6938
A7: Agenzia delle Entrate | B7: Credito d'imposta ricerca e sviluppo 2023 | C7: Art. 1 c. 198 L. 160/2019 | D7: 45473 | E7: 45489 | F7: 12000 | G7: credito d'imposta (esenzione) | H7: - | I7: Meridiana Digital Solutions S.r.l. | J7: Spese di ricerca e sviluppo 2023 | K7: Compensazione in F24 codice 6938
A8: Agenzia delle Entrate | B8: Credito d'imposta ricerca e sviluppo 2024 | C8: Art. 1 c. 198 L. 160/2019 | D8: 45838 | E8: 45854 | F8: 31500 | G8: credito d'imposta (esenzione) | H8: - | I8: Meridiana Digital Solutions S.r.l. | J8: Spese di ricerca e sviluppo 2024 | K8: Compensazione in F24 codice 6938
A9: Agenzia delle Entrate | B9: Credito d'imposta ricerca e sviluppo 2025 | C9: Art. 1 c. 198 L. 160/2019 | D9: 46203 | F9: 42000 | G9: credito d'imposta (esenzione) | H9: - | I9: Meridiana Digital Solutions S.r.l. | J9: Spese di ricerca e sviluppo 2025 | K9: Da utilizzare in tre quote annuali da luglio 2026
A10: MIMIT | B10: Nuova Sabatini: contributo in conto impianti | C10: D.L. 69/2013 | D10: 44336 | E10: 44540 | F10: 4900 | G10: esenzione (Reg. UE 651/2014) | H10: - | I10: Meridiana Digital Solutions S.r.l. | J10: Acquisto di server e apparati | K10: Contributo erogato in un'unica soluzione
A11: Ministero del Lavoro | B11: Esonero contributivo per assunzione di giovani under 36 | C11: L. 178/2020 | D11: 44593 | E11: 44620 | F11: 3200 | G11: esenzione (Reg. UE 651/2014) | H11: - | I11: Meridiana Digital Solutions S.r.l. | J11: Assunzioni 2022 | K11: Fruito in compensazione con il DM10
A12: Fondimpresa | B12: Conto formazione: finanziamento corsi | C12: Accordo interconfederale | D12: 45183 | E12: 45280 | F12: 5200 | G12: de minimis | H12: COR-0000003 | I12: Meridiana Digital Solutions S.r.l. | J12: Formazione tecnica 2023 | K12: Concesso nel 2023; rientra nel triennio 2023-2025
A13: INAIL | B13: Riduzione del premio per prevenzione (OT23) | C13: D.M. 3 dicembre 2021 | D13: 45747 | E13: 45747 | F13: 1850 | G13: riduzione del premio | H13: - | I13: Meridiana Digital Solutions S.r.l. | J13: Interventi di prevenzione 2024 | K13: Riduzione applicata in autoliquidazione
A15: Aiuti de minimis nel triennio 2024-2026 | F15: =SUMIFS(F4:F13,G4:G13,"de minimis",D4:D13,">="&DATE(2024,1,1))
A16: Margine residuo rispetto al massimale | F16: =300000-F15

Sheet Domande presentate
A1: Data | B1: Ente | C1: Bando | D1: Importo richiesto (EUR) | E1: Esito | F1: Note
A2: 43528 | B2: Regione Piemonte | C2: Bando Voucher digitali | D2: 8000 | E2: Non ammessa | F2: Graduatoria: fondi esauriti
A3: 43969 | B3: MIMIT | C3: Nuova Sabatini | D3: 7000 | E3: Concessa | F3: Contributo erogato nel 2021
A4: 44249 | B4: Camera di Commercio di Torino | C4: Voucher digitalizzazione 2021 | D4: 6000 | E4: Non ammessa | F4: Domanda tardiva
A5: 44630 | B5: Camera di Commercio di Torino | C5: Voucher formazione 4.0 | D5: 4000 | E5: Ritirata | F5: Cambio di progetto
A6: 45043 | B6: Fondimpresa | C6: Avviso formazione continua | D6: 5200 | E6: Concessa | F6: Registrata come de minimis
A7: 45330 | B7: Camera di Commercio di Torino | C7: Voucher digitalizzazione 2024 | D7: 10000 | E7: Concessa | F7: COR-0000001
A8: 45565 | B8: Regione Piemonte | C8: Bando innovazione PMI | D8: 90000 | E8: Non ammessa | F8: Punteggio inferiore alla soglia
A9: 45791 | B9: Regione Piemonte | C9: Contributo partecipazione fiere 2025 | D9: 6500 | E9: Concessa | F9: COR-0000002
A10: 46091 | B10: Camera di Commercio di Torino | C10: Voucher digitalizzazione 2026 | D10: 12000 | E10: In istruttoria | F10: Presentata via PEC
A11: 46164 | B11: Regione Piemonte | C11: Bando SWIch 2026 | D11: 140000 | E11: Non presentata | F11: Verifica dei requisiti in corso
A12: 46204 | B12: Invitalia | C12: Smart&Start Italia | D12: 0 | E12: Non ammissibile | F12: L'impresa ha più di 5 anni dall'iscrizione
A13: 46280 | B13: Ministero (bando innovazione) | C13: Progetto Atlas - candidatura | D13: 143950 | E13: In preparazione | F13: Bozza interna versione 0.7

Sheet Triennio mobile
A1: Data di riferimento (1° del mese) | B1: Aiuti de minimis nei 36 mesi precedenti (EUR) | C1: Margine residuo (EUR)
A2: 44927 | B2: =SUMIFS('Registro aiuti'!$F$4:$F$13,'Registro aiuti'!$G$4:$G$13,"de minimis",'Registro aiuti'!$D$4:$D$13,">"&EDATE(A2,-36),'Registro aiuti'!$D$4:$D$13,"<="&A2) | C2: =300000-B2
A3: 44958 | B3: =SUMIFS('Registro aiuti'!$F$4:$F$13,'Registro aiuti'!$G$4:$G$13,"de minimis",'Registro aiuti'!$D$4:$D$13,">"&EDATE(A3,-36),'Registro aiuti'!$D$4:$D$13,"<="&A3) | C3: =300000-B3
A4: 44986 | B4: =SUMIFS('Registro aiuti'!$F$4:$F$13,'Registro aiuti'!$G$4:$G$13,"de minimis",'Registro aiuti'!$D$4:$D$13,">"&EDATE(A4,-36),'Registro aiuti'!$D$4:$D$13,"<="&A4) | C4: =300000-B4
A5: 45017 | B5: =SUMIFS('Registro aiuti'!$F$4:$F$13,'Registro aiuti'!$G$4:$G$13,"de minimis",'Registro aiuti'!$D$4:$D$13,">"&EDATE(A5,-36),'Registro aiuti'!$D$4:$D$13,"<="&A5) | C5: =300000-B5
A6: 45047 | B6: =SUMIFS('Registro aiuti'!$F$4:$F$13,'Registro aiuti'!$G$4:$G$13,"de minimis",'Registro aiuti'!$D$4:$D$13,">"&EDATE(A6,-36),'Registro aiuti'!$D$4:$D$13,"<="&A6) | C6: =300000-B6
A7: 45078 | B7: =SUMIFS('Registro aiuti'!$F$4:$F$13,'Registro aiuti'!$G$4:$G$13,"de minimis",'Registro aiuti'!$D$4:$D$13,">"&EDATE(A7,-36),'Registro aiuti'!$D$4:$D$13,"<="&A7) | C7: =300000-B7
A8: 45108 | B8: =SUMIFS('Registro aiuti'!$F$4:$F$13,'Registro aiuti'!$G$4:$G$13,"de minimis",'Registro aiuti'!$D$4:$D$13,">"&EDATE(A8,-36),'Registro aiuti'!$D$4:$D$13,"<="&A8) | C8: =300000-B8
A9: 45139 | B9: =SUMIFS('Registro aiuti'!$F$4:$F$13,'Registro aiuti'!$G$4:$G$13,"de minimis",'Registro aiuti'!$D$4:$D$13,">"&EDATE(A9,-36),'Registro aiuti'!$D$4:$D$13,"<="&A9) | C9: =300000-B9
A10: 45170 | B10: =SUMIFS('Registro aiuti'!$F$4:$F$13,'Registro aiuti'!$G$4:$G$13,"de minimis",'Registro aiuti'!$D$4:$D$13,">"&EDATE(A10,-36),'Registro aiuti'!$D$4:$D$13,"<="&A10) | C10: =300000-B10
A11: 45200 | B11: =SUMIFS('Registro aiuti'!$F$4:$F$13,'Registro aiuti'!$G$4:$G$13,"de minimis",'Registro aiuti'!$D$4:$D$13,">"&EDATE(A11,-36),'Registro aiuti'!$D$4:$D$13,"<="&A11) | C11: =300000-B11
A12: 45231 | B12: =SUMIFS('Registro aiuti'!$F$4:$F$13,'Registro aiuti'!$G$4:$G$13,"de minimis",'Registro aiuti'!$D$4:$D$13,">"&EDATE(A12,-36),'Registro aiuti'!$D$4:$D$13,"<="&A12) | C12: =300000-B12
A13: 45261 | B13: =SUMIFS('Registro aiuti'!$F$4:$F$13,'Registro aiuti'!$G$4:$G$13,"de minimis",'Registro aiuti'!$D$4:$D$13,">"&EDATE(A13,-36),'Registro aiuti'!$D$4:$D$13,"<="&A13) | C13: =300000-B13
... A49: 46357 | B49: =SUMIFS('Registro aiuti'!$F$4:$F$13,'Registro aiuti'!$G$4:$G$13,"de minimis",'Registro aiuti'!$D$4:$D$13,">"&EDATE(A49,-36),'Registro aiuti'!$D$4:$D$13,"<="&A49) | C49: =300000-B49

Sheet Impresa unica
A1: Verifica | B1: Esito | C1: Fonte
A2: Un socio detiene la maggioranza dei diritti di voto di un'altra impresa | B2: No | C2: Visura camerale
A3: Diritto di nominare la maggioranza degli amministratori di un'altra impresa | B3: No | C3: Visura camerale
A4: Contratti o clausole statutarie di influenza dominante | B4: No | C4: Statuto
A5: Partecipazioni della società in altre imprese | B5: Nessuna | C5: Bilancio, nota integrativa
A6: Operazioni straordinarie nel triennio | B6: Nessuna | C6: Verbali

Sheet Credito R&S
A1: Esercizio | B1: Costi ammissibili (EUR) | C1: Aliquota | D1: Credito maturato (EUR) | E1: Stato
A2: 2022 | B2: 30000 | C2: 0.2 | D2: =B2*C2 | E2: Certificata
A3: 2023 | B3: 120000 | C3: 0.1 | D3: =B3*C3 | E3: Certificata
A4: 2024 | B4: 315000 | C4: 0.1 | D4: =B4*C4 | E4: Certificata
A5: 2025 | B5: 420000 | C5: 0.1 | D5: =B5*C5 | E5: Certificazione in corso
